 ;#;';1;0;3;2;5;4;7;6;9;8;A;@;C;B;E;D;G;F;I;H;K;J;M;L;O;N;Q;P;S;R;U;T;W;V;Y;X;Z;a;c;b;e;d;g;f;i;h;k;j;m;l;o;n;q;p;s;r;u;t;w;v;y;x;z;
0.802406741374;5.20489051513e-06;5.20489051513e-06;5.20489051513e-06;5.20489051513e-06;5.20489051513e-06;5.20489051513e-06;5.20489051513e-06;5.20489051513e-06;5.20489051513e-06;5.20489051513e-06;5.20489051513e-06;5.20489051513e-06;0.00197265350523;5.20489051513e-06;0.0118411259219;0.0293555825053;0.00353932555029;0.00616779526043;0.0120597313236;0.0118879699366;0.00163433562175;0.00622504905609;0.00188417036648;0.00340399839689;0.00417952708365;0.00142093511063;0.00109302700818;0.0118931748271;0.00148339379681;0.000931675402208;0.00336235927277;0.00466878679207;0.00228494693614;0.00435128847065;0.0023734300749;0.0292358700235;0.0035445304408;0.00448141073353;0.00251396211881;5.20489051513e-06;5.20489051513e-06;0.02960541725;5.20489051513e-06;5.20489051513e-06;5.20489051513e-06;5.20489051513e-06;5.20489051513e-06;5.20489051513e-06;5.20489051513e-06;5.20489051513e-06;5.20489051513e-06;5.20489051513e-06;5.20489051513e-06;5.20489051513e-06;5.20489051513e-06;5.20489051513e-06;5.20489051513e-06;5.20489051513e-06;5.20489051513e-06;5.20489051513e-06;5.20489051513e-06;5.20489051513e-06;5.20489051513e-06;5.20489051513e-06;5.20489051513e-06;
0.000343524562006;0.772586739952;0.000343524562006;0.000343524562006;0.00858811405015;0.000687049124012;0.00103057368602;0.00103057368602;0.00103057368602;0.00274819649605;0.00171762281003;0.00618344211611;0.00309172105806;0.000687049124012;0.000343524562006;0.00137409824802;0.00103057368602;0.000687049124012;0.00206114737204;0.00240467193404;0.00137409824802;0.00446581930608;0.00343524562006;0.00583991755411;0.00240467193404;0.00309172105806;0.0116798351082;0.0140845070423;0.00309172105806;0.00103057368602;0.0463758158708;0.00103057368602;0.00171762281003;0.00377877018207;0.00171762281003;0.00103057368602;0.00137409824802;0.00274819649605;0.00103057368602;0.000343524562006;0.000687049124012;0.00137409824802;0.00206114737204;0.00137409824802;0.00103057368602;0.000343524562006;0.00137409824802;0.00515286843009;0.00171762281003;0.0054963929921;0.00171762281003;0.00240467193404;0.00790106492614;0.00755754036414;0.00206114737204;0.000687049124012;0.0219855719684;0.00103057368602;0.00171762281003;0.00274819649605;0.00206114737204;0.000687049124012;0.00171762281003;0.00274819649605;0.00171762281003;0.000687049124012;
0.000303214069133;0.000303214069133;0.80078835658;0.000303214069133;0.077622801698;0.000303214069133;0.000303214069133;0.000303214069133;0.000303214069133;0.000303214069133;0.000303214069133;0.000303214069133;0.000303214069133;0.000606428138266;0.000303214069133;0.0018192844148;0.00151607034566;0.00212249848393;0.00212249848393;0.00212249848393;0.000909642207398;0.00576106731352;0.00303214069133;0.00667070952092;0.00363856882959;0.00454821103699;0.00879320800485;0.0169799878714;0.00151607034566;0.00151607034566;0.0312310491207;0.00151607034566;0.00212249848393;0.00303214069133;0.0027289266222;0.000303214069133;0.00151607034566;0.0027289266222;0.000909642207398;0.000303214069133;0.000303214069133;0.000303214069133;0.000303214069133;0.000303214069133;0.000303214069133;0.000303214069133;0.000303214069133;0.000303214069133;0.000303214069133;0.000303214069133;0.000303214069133;0.000303214069133;0.000303214069133;0.000303214069133;0.000303214069133;0.000303214069133;0.000303214069133;0.000303214069133;0.000303214069133;0.000303214069133;0.000303214069133;0.000303214069133;0.000303214069133;0.000303214069133;0.000303214069133;0.000303214069133;
0.000494071146245;0.000494071146245;0.000494071146245;0.811264822134;0.000494071146245;0.000494071146245;0.0400197628458;0.000494071146245;0.000494071146245;0.000494071146245;0.000494071146245;0.000494071146245;0.000494071146245;0.00592885375494;0.000494071146245;0.00345849802372;0.00098814229249;0.00395256916996;0.00444664031621;0.00148221343874;0.00247035573123;0.00148221343874;0.00345849802372;0.00098814229249;0.00148221343874;0.00197628458498;0.00247035573123;0.00098814229249;0.00197628458498;0.020256916996;0.000494071146245;0.00444664031621;0.00444664031621;0.00098814229249;0.000494071146245;0.00741106719368;0.00296442687747;0.00098814229249;0.00345849802372;0.00345849802372;0.000494071146245;0.000494071146245;0.000494071146245;0.000494071146245;0.000494071146245;0.000494071146245;0.000494071146245;0.000494071146245;0.000494071146245;0.000494071146245;0.000494071146245;0.000494071146245;0.000494071146245;0.000494071146245;0.000494071146245;0.0434782608696;0.000494071146245;0.000494071146245;0.000494071146245;0.000494071146245;0.000494071146245;0.000494071146245;0.000494071146245;0.000494071146245;0.000494071146245;0.000494071146245;
0.000441306266549;0.000441306266549;0.000441306266549;0.000441306266549;0.816416593116;0.000441306266549;0.000441306266549;0.000441306266549;0.000441306266549;0.000441306266549;0.000441306266549;0.0357458075905;0.000441306266549;0.000441306266549;0.000441306266549;0.00397175639894;0.00220653133274;0.000882612533098;0.000441306266549;0.00397175639894;0.00308914386584;0.00926743159753;0.00132391879965;0.00617828773169;0.00308914386584;0.00220653133274;0.00882612533098;0.0145631067961;0.00132391879965;0.0017652250662;0.0185348631951;0.000882612533098;0.000441306266549;0.00308914386584;0.000882612533098;0.000882612533098;0.00264783759929;0.00264783759929;0.0017652250662;0.000441306266549;0.000441306266549;0.000441306266549;0.000441306266549;0.000441306266549;0.000441306266549;0.000441306266549;0.000441306266549;0.000441306266549;0.000441306266549;0.000441306266549;0.000441306266549;0.000441306266549;0.000441306266549;0.000441306266549;0.000441306266549;0.000441306266549;0.0357458075905;0.000441306266549;0.000441306266549;0.000441306266549;0.000441306266549;0.000441306266549;0.000441306266549;0.000441306266549;0.000441306266549;0.000441306266549;
0.00121654501217;0.00121654501217;0.00121654501217;0.00121654501217;0.00121654501217;0.738442822384;0.0328467153285;0.00121654501217;0.0316301703163;0.00121654501217;0.00121654501217;0.00121654501217;0.00121654501217;0.00243309002433;0.00121654501217;0.00486618004866;0.00486618004866;0.00851581508516;0.00608272506083;0.00486618004866;0.00121654501217;0.00121654501217;0.00243309002433;0.00121654501217;0.00243309002433;0.00243309002433;0.0036496350365;0.00243309002433;0.00243309002433;0.00851581508516;0.00121654501217;0.00729927007299;0.00851581508516;0.00243309002433;0.00243309002433;0.0243309002433;0.00851581508516;0.00486618004866;0.0036496350365;0.00121654501217;0.00121654501217;0.00121654501217;0.00121654501217;0.029197080292;0.00121654501217;0.00121654501217;0.00121654501217;0.00121654501217;0.00121654501217;0.00121654501217;0.00121654501217;0.00121654501217;0.00121654501217;0.00121654501217;0.00121654501217;0.00121654501217;0.00121654501217;0.00121654501217;0.00121654501217;0.00121654501217;0.00121654501217;0.00121654501217;0.00121654501217;0.00121654501217;0.00121654501217;0.00121654501217;
0.000668002672011;0.000668002672011;0.000668002672011;0.0227120908484;0.000668002672011;0.0300601202405;0.802939211757;0.000668002672011;0.000668002672011;0.000668002672011;0.000668002672011;0.000668002672011;0.000668002672011;0.00200400801603;0.000668002672011;0.00334001336005;0.00133600534402;0.00734802939212;0.00467601870407;0.00200400801603;0.00267201068804;0.00133600534402;0.000668002672011;0.000668002672011;0.00133600534402;0.00133600534402;0.000668002672011;0.000668002672011;0.00200400801603;0.0100200400802;0.00200400801603;0.00534402137609;0.00400801603206;0.00267201068804;0.00267201068804;0.0133600534402;0.00133600534402;0.00400801603206;0.0060120240481;0.00467601870407;0.000668002672011;0.000668002672011;0.000668002672011;0.000668002672011;0.000668002672011;0.000668002672011;0.000668002672011;0.000668002672011;0.000668002672011;0.000668002672011;0.000668002672011;0.000668002672011;0.000668002672011;0.000668002672011;0.000668002672011;0.000668002672011;0.000668002672011;0.000668002672011;0.000668002672011;0.000668002672011;0.000668002672011;0.0320641282565;0.000668002672011;0.000668002672011;0.000668002672011;0.000668002672011;
0.00108108108108;0.00108108108108;0.00108108108108;0.00108108108108;0.00108108108108;0.00108108108108;0.00108108108108;0.765405405405;0.0205405405405;0.00108108108108;0.0248648648649;0.00108108108108;0.00108108108108;0.00324324324324;0.00108108108108;0.00216216216216;0.00216216216216;0.00648648648649;0.0108108108108;0.00432432432432;0.00972972972973;0.00216216216216;0.00324324324324;0.00432432432432;0.00108108108108;0.00324324324324;0.00324324324324;0.00324324324324;0.00216216216216;0.00108108108108;0.00216216216216;0.00324324324324;0.0118918918919;0.00432432432432;0.0108108108108;0.00432432432432;0.00540540540541;0.00972972972973;0.00324324324324;0.00432432432432;0.00108108108108;0.00108108108108;0.00108108108108;0.00108108108108;0.00108108108108;0.00108108108108;0.00108108108108;0.00108108108108;0.00108108108108;0.00108108108108;0.00108108108108;0.00108108108108;0.00108108108108;0.00108108108108;0.00108108108108;0.00108108108108;0.00108108108108;0.00108108108108;0.00108108108108;0.00108108108108;0.0281081081081;0.00108108108108;0.00108108108108;0.00108108108108;0.00108108108108;0.00108108108108;
0.0014367816092;0.0014367816092;0.0014367816092;0.0014367816092;0.0014367816092;0.0301724137931;0.0014367816092;0.0272988505747;0.745689655172;0.0014367816092;0.0014367816092;0.0014367816092;0.0014367816092;0.00574712643678;0.0014367816092;0.00431034482759;0.00287356321839;0.014367816092;0.00287356321839;0.0014367816092;0.00431034482759;0.0014367816092;0.00431034482759;0.0014367816092;0.00431034482759;0.0014367816092;0.0014367816092;0.00287356321839;0.00287356321839;0.00718390804598;0.00431034482759;0.0014367816092;0.0129310344828;0.00431034482759;0.00287356321839;0.00718390804598;0.00574712643678;0.00431034482759;0.00431034482759;0.0014367816092;0.0014367816092;0.0014367816092;0.0014367816092;0.0014367816092;0.0014367816092;0.0014367816092;0.0014367816092;0.0014367816092;0.0014367816092;0.0014367816092;0.0014367816092;0.0014367816092;0.0014367816092;0.0014367816092;0.0014367816092;0.0014367816092;0.0014367816092;0.0014367816092;0.0330459770115;0.0014367816092;0.0014367816092;0.0014367816092;0.0014367816092;0.0014367816092;0.0014367816092;0.0014367816092;
0.00191938579655;0.00191938579655;0.00191938579655;0.00191938579655;0.00191938579655;0.00191938579655;0.00191938579655;0.00191938579655;0.00191938579655;0.725527831094;0.0287907869482;0.00191938579655;0.0403071017274;0.00191938579655;0.00191938579655;0.00191938579655;0.00383877159309;0.00767754318618;0.00191938579655;0.00959692898273;0.00191938579655;0.00575815738964;0.00191938579655;0.00575815738964;0.00191938579655;0.00191938579655;0.00191938579655;0.00383877159309;0.00575815738964;0.00191938579655;0.00191938579655;0.00575815738964;0.00383877159309;0.0191938579655;0.00575815738964;0.00191938579655;0.00383877159309;0.00575815738964;0.00191938579655;0.00191938579655;0.00191938579655;0.00191938579655;0.00191938579655;0.00191938579655;0.00191938579655;0.00191938579655;0.00191938579655;0.00191938579655;0.00191938579655;0.00191938579655;0.00191938579655;0.00191938579655;0.00191938579655;0.00191938579655;0.00191938579655;0.00191938579655;0.00191938579655;0.00191938579655;0.00191938579655;0.0249520153551;0.00191938579655;0.00191938579655;0.00191938579655;0.00191938579655;0.00191938579655;0.00191938579655;
0.0017825311943;0.0017825311943;0.0017825311943;0.0017825311943;0.0017825311943;0.0017825311943;0.0017825311943;0.0231729055258;0.0017825311943;0.0231729055258;0.73440285205;0.0017825311943;0.0017825311943;0.0017825311943;0.0017825311943;0.00356506238859;0.0017825311943;0.00713012477718;0.0106951871658;0.00356506238859;0.0017825311943;0.00891265597148;0.00356506238859;0.0017825311943;0.00534759358289;0.00534759358289;0.00356506238859;0.0017825311943;0.00356506238859;0.0017825311943;0.0017825311943;0.0017825311943;0.0142602495544;0.00891265597148;0.00891265597148;0.00356506238859;0.00356506238859;0.00713012477718;0.00356506238859;0.0017825311943;0.0017825311943;0.0017825311943;0.0017825311943;0.0017825311943;0.0017825311943;0.0017825311943;0.0017825311943;0.0017825311943;0.0017825311943;0.0017825311943;0.0017825311943;0.0017825311943;0.0017825311943;0.0017825311943;0.0017825311943;0.0017825311943;0.0017825311943;0.0017825311943;0.0017825311943;0.0017825311943;0.0017825311943;0.0017825311943;0.0017825311943;0.0338680926916;0.0017825311943;0.0017825311943;
0.002;0.002;0.002;0.002;0.024;0.002;0.002;0.002;0.002;0.002;0.002;0.75;0.022;0.002;0.002;0.002;0.002;0.002;0.004;0.004;0.006;0.012;0.002;0.01;0.002;0.002;0.006;0.008;0.004;0.002;0.002;0.002;0.004;0.006;0.002;0.004;0.004;0.006;0.002;0.002;0.002;0.002;0.002;0.002;0.002;0.002;0.002;0.002;0.002;0.002;0.002;0.002;0.002;0.028;0.002;0.002;0.002;0.002;0.002;0.002;0.002;0.002;0.002;0.002;0.002;0.002;
0.00229357798165;0.00229357798165;0.00229357798165;0.00229357798165;0.00229357798165;0.00229357798165;0.00229357798165;0.00229357798165;0.00229357798165;0.0435779816514;0.00229357798165;0.0389908256881;0.697247706422;0.00229357798165;0.00229357798165;0.0045871559633;0.00229357798165;0.00229357798165;0.00229357798165;0.00688073394495;0.00229357798165;0.00917431192661;0.0045871559633;0.00229357798165;0.0045871559633;0.00229357798165;0.0114678899083;0.0045871559633;0.00229357798165;0.00229357798165;0.00229357798165;0.00229357798165;0.00688073394495;0.0137614678899;0.0045871559633;0.00229357798165;0.00229357798165;0.00917431192661;0.00229357798165;0.00229357798165;0.00229357798165;0.00229357798165;0.00229357798165;0.00229357798165;0.00229357798165;0.00229357798165;0.00229357798165;0.0229357798165;0.00229357798165;0.00229357798165;0.00229357798165;0.00229357798165;0.00229357798165;0.00229357798165;0.00229357798165;0.00229357798165;0.00229357798165;0.00229357798165;0.00229357798165;0.00229357798165;0.00229357798165;0.00229357798165;0.00229357798165;0.00229357798165;0.00229357798165;0.00229357798165;
0.000137419266181;0.000137419266181;0.000137419266181;0.00274838532362;0.000137419266181;0.00247354679126;0.00274838532362;0.000687096330906;0.000824515597087;0.000961934863268;0.000961934863268;0.000137419266181;0.000137419266181;0.814896248454;0.000137419266181;0.00412257798543;0.00137419266181;0.00329806238835;0.00261096605744;0.00123677339563;0.00192386972654;0.000412257798543;0.000274838532362;0.000412257798543;0.000412257798543;0.000549677064724;0.000274838532362;0.000274838532362;0.000824515597087;0.0130548302872;0.000137419266181;0.0123677339563;0.00178645046035;0.000824515597087;0.000412257798543;0.00673354404287;0.00164903119417;0.000412257798543;0.00604644771197;0.0127799917548;0.0153909578123;0.00563418991343;0.000687096330906;0.00357290092071;0.00398515871925;0.000961934863268;0.00329806238835;0.000274838532362;0.000824515597087;0.000412257798543;0.00123677339563;0.000961934863268;0.000137419266181;0.000412257798543;0.000687096330906;0.00480967431634;0.000412257798543;0.0133296688196;0.00192386972654;0.000549677064724;0.00109935412945;0.00522193211488;0.00261096605744;0.000549677064724;0.0156657963446;0.0138793458843;
0.000280269058296;0.000280269058296;0.000280269058296;0.00112107623318;0.00420403587444;0.00112107623318;0.00168161434978;0.00112107623318;0.00112107623318;0.00112107623318;0.000560538116592;0.00392376681614;0.00224215246637;0.000560538116592;0.796524663677;0.000560538116592;0.000840807174888;0.00140134529148;0.00140134529148;0.00140134529148;0.00168161434978;0.00812780269058;0.00280269058296;0.00644618834081;0.00364349775785;0.00420403587444;0.0316704035874;0.0128923766816;0.00140134529148;0.000840807174888;0.0156950672646;0.00112107623318;0.00140134529148;0.00532511210762;0.00196188340807;0.000280269058296;0.00196188340807;0.00196188340807;0.000560538116592;0.000560538116592;0.000840807174888;0.00112107623318;0.00224215246637;0.00140134529148;0.00196188340807;0.00140134529148;0.000840807174888;0.00280269058296;0.00196188340807;0.0067264573991;0.00560538116592;0.00252242152466;0.0114910313901;0.00616591928251;0.00168161434978;0.000280269058296;0.010369955157;0.000560538116592;0.000840807174888;0.00308295964126;0.00168161434978;0.00168161434978;0.00140134529148;0.00280269058296;0.00196188340807;0.000280269058296;
0.000282965478212;0.000282965478212;0.000282965478212;0.00141482739106;0.000848896434635;0.00113186191285;0.00169779286927;0.00169779286927;0.00198075834748;0.000565930956423;0.000848896434635;0.000848896434635;0.000282965478212;0.00367855121675;0.000282965478212;0.803338992643;0.0025466893039;0.0025466893039;0.0166949632145;0.00339558573854;0.00707413695529;0.00113186191285;0.00339558573854;0.000848896434635;0.000848896434635;0.000848896434635;0.000282965478212;0.00113186191285;0.00169779286927;0.00226372382569;0.000282965478212;0.00820599886814;0.00452744765139;0.00113186191285;0.00226372382569;0.00169779286927;0.0127334465195;0.00113186191285;0.0113186191285;0.00396151669496;0.00169779286927;0.0161290322581;0.00424448217317;0.00169779286927;0.00679117147708;0.00198075834748;0.00650820599887;0.000848896434635;0.00311262026033;0.000848896434635;0.00113186191285;0.00141482739106;0.000565930956423;0.000282965478212;0.00396151669496;0.00169779286927;0.000565930956423;0.00339558573854;0.00226372382569;0.00113186191285;0.00169779286927;0.00169779286927;0.014714204867;0.00198075834748;0.00537634408602;0.00282965478212;
0.000697350069735;0.000697350069735;0.000697350069735;0.000697350069735;0.000697350069735;0.000697350069735;0.00139470013947;0.00139470013947;0.00278940027894;0.00139470013947;0.00348675034868;0.00139470013947;0.00139470013947;0.00139470013947;0.000697350069735;0.00348675034868;0.778242677824;0.00209205020921;0.00278940027894;0.0111576011158;0.00906555090656;0.00278940027894;0.00697350069735;0.00139470013947;0.00418410041841;0.00209205020921;0.00139470013947;0.000697350069735;0.00906555090656;0.00139470013947;0.000697350069735;0.00139470013947;0.00209205020921;0.000697350069735;0.00557880055788;0.00139470013947;0.010460251046;0.00278940027894;0.00209205020921;0.000697350069735;0.00139470013947;0.00209205020921;0.0153417015342;0.00209205020921;0.00348675034868;0.00767085076709;0.00348675034868;0.00139470013947;0.00906555090656;0.00278940027894;0.00488145048815;0.00627615062762;0.000697350069735;0.00209205020921;0.0223152022315;0.000697350069735;0.00209205020921;0.00278940027894;0.00418410041841;0.00418410041841;0.00348675034868;0.00139470013947;0.00627615062762;0.00348675034868;0.000697350069735;0.00139470013947;
0.0003663003663;0.0003663003663;0.0003663003663;0.0021978021978;0.0010989010989;0.0043956043956;0.0025641025641;0.003663003663;0.0025641025641;0.0018315018315;0.0018315018315;0.0010989010989;0.0010989010989;0.0018315018315;0.0003663003663;0.00512820512821;0.0014652014652;0.786446886447;0.0113553113553;0.0040293040293;0.00512820512821;0.000732600732601;0.0018315018315;0.000732600732601;0.000732600732601;0.0003663003663;0.0003663003663;0.000732600732601;0.0014652014652;0.0025641025641;0.000732600732601;0.00695970695971;0.0150183150183;0.0003663003663;0.003663003663;0.0124542124542;0.0032967032967;0.000732600732601;0.0032967032967;0.0014652014652;0.0025641025641;0.00549450549451;0.0047619047619;0.0102564102564;0.0139194139194;0.00512820512821;0.0131868131868;0.0010989010989;0.0014652014652;0.0003663003663;0.000732600732601;0.0014652014652;0.0014652014652;0.000732600732601;0.0010989010989;0.0010989010989;0.0010989010989;0.0043956043956;0.0124542124542;0.0010989010989;0.00512820512821;0.0040293040293;0.0043956043956;0.0025641025641;0.0018315018315;0.0014652014652;
0.00047619047619;0.00047619047619;0.00047619047619;0.00142857142857;0.00047619047619;0.00142857142857;0.00238095238095;0.00142857142857;0.00142857142857;0.00047619047619;0.00142857142857;0.00047619047619;0.00047619047619;0.00190476190476;0.00047619047619;0.00714285714286;0.00190476190476;0.01;0.793333333333;0.00333333333333;0.0128571428571;0.00047619047619;0.00142857142857;0.00047619047619;0.000952380952381;0.00142857142857;0.00047619047619;0.00047619047619;0.000952380952381;0.00238095238095;0.000952380952381;0.012380952381;0.00619047619048;0.00047619047619;0.00380952380952;0.0047619047619;0.00428571428571;0.00142857142857;0.00285714285714;0.00238095238095;0.00380952380952;0.0114285714286;0.0047619047619;0.0047619047619;0.0128571428571;0.00619047619048;0.0142857142857;0.000952380952381;0.00333333333333;0.00047619047619;0.000952380952381;0.00285714285714;0.000952380952381;0.000952380952381;0.00333333333333;0.000952380952381;0.000952380952381;0.00619047619048;0.00333333333333;0.00047619047619;0.00333333333333;0.00238095238095;0.00857142857143;0.00142857142857;0.00619047619048;0.00190476190476;
0.000746268656716;0.000746268656716;0.000746268656716;0.00149253731343;0.000746268656716;0.00149253731343;0.000746268656716;0.00223880597015;0.00149253731343;0.00223880597015;0.00223880597015;0.00149253731343;0.00223880597015;0.00149253731343;0.000746268656716;0.00149253731343;0.0089552238806;0.00223880597015;0.00223880597015;0.772388059701;0.0119402985075;0.000746268656716;0.0126865671642;0.00223880597015;0.00671641791045;0.00298507462687;0.000746268656716;0.00149253731343;0.00746268656716;0.000746268656716;0.000746268656716;0.000746268656716;0.00597014925373;0.00298507462687;0.0119402985075;0.00149253731343;0.00970149253731;0.00746268656716;0.00149253731343;0.00149253731343;0.000746268656716;0.00223880597015;0.00746268656716;0.00298507462687;0.00223880597015;0.00970149253731;0.00597014925373;0.00149253731343;0.0126865671642;0.00149253731343;0.00597014925373;0.00298507462687;0.00223880597015;0.00149253731343;0.0141791044776;0.000746268656716;0.000746268656716;0.00149253731343;0.00223880597015;0.00223880597015;0.0044776119403;0.00522388059701;0.000746268656716;0.00522388059701;0.00223880597015;0.000746268656716;
0.000550660792952;0.000550660792952;0.000550660792952;0.000550660792952;0.0011013215859;0.00165198237885;0.0011013215859;0.00220264317181;0.00165198237885;0.00275330396476;0.000550660792952;0.0011013215859;0.0011013215859;0.00330396475771;0.000550660792952;0.00550660792952;0.00605726872247;0.00550660792952;0.011013215859;0.0104625550661;0.777533039648;0.000550660792952;0.0011013215859;0.000550660792952;0.00495594713656;0.00165198237885;0.000550660792952;0.00220264317181;0.00275330396476;0.000550660792952;0.000550660792952;0.00275330396476;0.0104625550661;0.00275330396476;0.00550660792952;0.00220264317181;0.011563876652;0.00440528634361;0.00275330396476;0.00275330396476;0.00220264317181;0.00165198237885;0.00936123348018;0.00330396475771;0.00165198237885;0.0154185022026;0.0126651982379;0.0011013215859;0.00495594713656;0.00165198237885;0.00220264317181;0.00220264317181;0.00165198237885;0.00165198237885;0.00605726872247;0.0011013215859;0.000550660792952;0.00330396475771;0.00550660792952;0.00165198237885;0.00605726872247;0.00165198237885;0.011563876652;0.00220264317181;0.000550660792952;0.00220264317181;
0.000390320062451;0.000390320062451;0.000390320062451;0.000390320062451;0.00468384074941;0.000390320062451;0.000390320062451;0.00234192037471;0.00117096018735;0.00312256049961;0.00234192037471;0.00780640124902;0.00429352068696;0.000780640124902;0.000390320062451;0.000780640124902;0.00117096018735;0.000390320062451;0.000780640124902;0.000390320062451;0.000780640124902;0.7962529274;0.00429352068696;0.0109289617486;0.00741608118657;0.00117096018735;0.00858704137393;0.0148321623731;0.0015612802498;0.000390320062451;0.00312256049961;0.000780640124902;0.00195160031226;0.0140515222482;0.0015612802498;0.000780640124902;0.00117096018735;0.00351288056206;0.000780640124902;0.000780640124902;0.000390320062451;0.000390320062451;0.000780640124902;0.0015612802498;0.000780640124902;0.00117096018735;0.000780640124902;0.0136612021858;0.00117096018735;0.0144418423107;0.00507416081187;0.00312256049961;0.012099921936;0.00936768149883;0.00234192037471;0.00117096018735;0.00702576112412;0.000390320062451;0.00117096018735;0.00741608118657;0.0015612802498;0.000780640124902;0.00117096018735;0.00390320062451;0.000390320062451;0.000390320062451;
0.000624219725343;0.000624219725343;0.000624219725343;0.00124843945069;0.00187265917603;0.00124843945069;0.000624219725343;0.00124843945069;0.00187265917603;0.00312109862672;0.00124843945069;0.00249687890137;0.00187265917603;0.000624219725343;0.000624219725343;0.00124843945069;0.00936329588015;0.00187265917603;0.00249687890137;0.0137328339576;0.00499375780275;0.00561797752809;0.768414481898;0.0043695380774;0.0118601747815;0.00749063670412;0.00124843945069;0.000624219725343;0.0149812734082;0.000624219725343;0.000624219725343;0.000624219725343;0.00561797752809;0.00811485642946;0.0043695380774;0.000624219725343;0.00124843945069;0.00998751560549;0.000624219725343;0.00124843945069;0.000624219725343;0.000624219725343;0.00499375780275;0.000624219725343;0.00124843945069;0.00561797752809;0.00187265917603;0.00249687890137;0.00936329588015;0.0043695380774;0.00936329588015;0.0143570536829;0.000624219725343;0.00187265917603;0.0112359550562;0.00124843945069;0.00187265917603;0.00124843945069;0.00124843945069;0.00873907615481;0.00499375780275;0.000624219725343;0.00249687890137;0.0043695380774;0.00124843945069;0.000624219725343;
0.00131752305665;0.00131752305665;0.00131752305665;0.00131752305665;0.00131752305665;0.00131752305665;0.00131752305665;0.00131752305665;0.00263504611331;0.00527009222661;0.00395256916996;0.00527009222661;0.00131752305665;0.00395256916996;0.00131752305665;0.00131752305665;0.00658761528327;0.00131752305665;0.00131752305665;0.00395256916996;0.00131752305665;0.0223978919631;0.00658761528327;0.724637681159;0.0210803689065;0.00658761528327;0.0105401844532;0.0131752305665;0.00395256916996;0.00263504611331;0.00395256916996;0.00131752305665;0.00263504611331;0.00395256916996;0.00395256916996;0.00131752305665;0.00263504611331;0.00395256916996;0.00131752305665;0.00131752305665;0.00131752305665;0.00527009222661;0.00131752305665;0.00131752305665;0.00131752305665;0.00395256916996;0.00395256916996;0.0105401844532;0.00395256916996;0.0144927536232;0.00527009222661;0.00395256916996;0.0118577075099;0.00922266139657;0.00131752305665;0.00131752305665;0.00527009222661;0.00395256916996;0.00131752305665;0.00790513833992;0.00131752305665;0.00263504611331;0.00263504611331;0.00395256916996;0.00131752305665;0.00131752305665;
0.000692041522491;0.000692041522491;0.000692041522491;0.000692041522491;0.00138408304498;0.00138408304498;0.000692041522491;0.00207612456747;0.00138408304498;0.00207612456747;0.00207612456747;0.00138408304498;0.00207612456747;0.000692041522491;0.000692041522491;0.00138408304498;0.00346020761246;0.00138408304498;0.00207612456747;0.00553633217993;0.00346020761246;0.0076124567474;0.0145328719723;0.00899653979239;0.777162629758;0.0110726643599;0.00346020761246;0.00346020761246;0.00553633217993;0.000692041522491;0.00138408304498;0.000692041522491;0.00346020761246;0.0138408304498;0.00346020761246;0.000692041522491;0.00276816608997;0.00899653979239;0.00138408304498;0.000692041522491;0.000692041522491;0.00138408304498;0.00207612456747;0.000692041522491;0.000692041522491;0.00276816608997;0.000692041522491;0.00484429065744;0.00692041522491;0.0076124567474;0.0110726643599;0.0145328719723;0.00484429065744;0.00346020761246;0.00484429065744;0.00138408304498;0.000692041522491;0.000692041522491;0.00207612456747;0.00622837370242;0.00276816608997;0.00138408304498;0.00415224913495;0.00553633217993;0.00138408304498;0.000692041522491;
0.000465766185375;0.000465766185375;0.000465766185375;0.000465766185375;0.00139729855612;0.000465766185375;0.000465766185375;0.00093153237075;0.00093153237075;0.00232883092687;0.00326036329762;0.000465766185375;0.0018630647415;0.00093153237075;0.000465766185375;0.00139729855612;0.00605496040987;0.000465766185375;0.00093153237075;0.003726129483;0.00139729855612;0.00279459711225;0.00698649278062;0.0102468560782;0.0270144387517;0.794131346064;0.00465766185375;0.00139729855612;0.0139729855612;0.00093153237075;0.00139729855612;0.00232883092687;0.0018630647415;0.00419189566837;0.00139729855612;0.00093153237075;0.00326036329762;0.00465766185375;0.00093153237075;0.00093153237075;0.000465766185375;0.00139729855612;0.007452258966;0.00093153237075;0.00139729855612;0.0018630647415;0.00232883092687;0.00326036329762;0.00465766185375;0.007452258966;0.00652072659525;0.0163018164881;0.00232883092687;0.00232883092687;0.0107126222636;0.00093153237075;0.00232883092687;0.000465766185375;0.0018630647415;0.00232883092687;0.0018630647415;0.00093153237075;0.0018630647415;0.0018630647415;0.00232883092687;0.000465766185375;
0.000599520383693;0.000599520383693;0.000599520383693;0.000599520383693;0.00299760191847;0.00179856115108;0.000599520383693;0.00119904076739;0.000599520383693;0.00119904076739;0.00179856115108;0.00299760191847;0.00359712230216;0.00119904076739;0.000599520383693;0.00119904076739;0.000599520383693;0.00119904076739;0.00119904076739;0.00119904076739;0.000599520383693;0.0113908872902;0.00239808153477;0.0179856115108;0.00239808153477;0.00539568345324;0.797961630695;0.0143884892086;0.00179856115108;0.000599520383693;0.0089928057554;0.000599520383693;0.000599520383693;0.00359712230216;0.00119904076739;0.000599520383693;0.00179856115108;0.00299760191847;0.000599520383693;0.00119904076739;0.00119904076739;0.000599520383693;0.00179856115108;0.00119904076739;0.000599520383693;0.00119904076739;0.000599520383693;0.00299760191847;0.00239808153477;0.0089928057554;0.00479616306954;0.00359712230216;0.0287769784173;0.0101918465228;0.00359712230216;0.00119904076739;0.00719424460432;0.000599520383693;0.00179856115108;0.00539568345324;0.00239808153477;0.000599520383693;0.00119904076739;0.00179856115108;0.000599520383693;0.00119904076739;
0.000276931597895;0.000276931597895;0.000276931597895;0.000553863195791;0.00636942675159;0.000553863195791;0.000830794793686;0.000830794793686;0.000553863195791;0.00193852118527;0.00193852118527;0.0060924951537;0.00276931597895;0.000553863195791;0.000276931597895;0.000830794793686;0.000553863195791;0.000276931597895;0.00110772639158;0.000553863195791;0.00193852118527;0.0130157851011;0.00415397396843;0.0108003323179;0.00193852118527;0.00221545278316;0.0155081694821;0.805870949875;0.000830794793686;0.000830794793686;0.0180005538632;0.000553863195791;0.000553863195791;0.00498476876212;0.000830794793686;0.000830794793686;0.00193852118527;0.00138465798948;0.000553863195791;0.000276931597895;0.000830794793686;0.000553863195791;0.000830794793686;0.000276931597895;0.000553863195791;0.00110772639158;0.000553863195791;0.00636942675159;0.00166158958737;0.0060924951537;0.00304624757685;0.00276931597895;0.0152312378842;0.0168928274716;0.00110772639158;0.000830794793686;0.0174466906674;0.000553863195791;0.000276931597895;0.00387704237053;0.000553863195791;0.000276931597895;0.000830794793686;0.00221545278316;0.000553863195791;0.000276931597895;
0.000291545189504;0.000291545189504;0.000291545189504;0.00145772594752;0.000874635568513;0.000583090379009;0.000874635568513;0.000874635568513;0.00145772594752;0.00145772594752;0.00145772594752;0.00116618075802;0.00116618075802;0.000583090379009;0.000291545189504;0.00233236151603;0.0157434402332;0.00145772594752;0.00116618075802;0.0069970845481;0.00262390670554;0.00349854227405;0.0145772594752;0.00291545189504;0.0104956268222;0.0163265306122;0.00174927113703;0.000874635568513;0.799125364431;0.00116618075802;0.000874635568513;0.00116618075802;0.00116618075802;0.00233236151603;0.00174927113703;0.00116618075802;0.00612244897959;0.00408163265306;0.00233236151603;0.00145772594752;0.00116618075802;0.00116618075802;0.0067055393586;0.00116618075802;0.000874635568513;0.00174927113703;0.00204081632653;0.00233236151603;0.00728862973761;0.00437317784257;0.00612244897959;0.0145772594752;0.00174927113703;0.00204081632653;0.0148688046647;0.000291545189504;0.000583090379009;0.000583090379009;0.00174927113703;0.00291545189504;0.00174927113703;0.00116618075802;0.00145772594752;0.00291545189504;0.000874635568513;0.000874635568513;
0.00520833333333;0.00520833333333;0.00520833333333;0.0104166666667;0.00520833333333;0.0104166666667;0.0104166666667;0.00520833333333;0.00520833333333;0.00520833333333;0.00520833333333;0.00520833333333;0.00520833333333;0.0104166666667;0.00520833333333;0.00520833333333;0.00520833333333;0.00520833333333;0.0260416666667;0.0104166666667;0.00520833333333;0.0104166666667;0.00520833333333;0.00520833333333;0.00520833333333;0.00520833333333;0.00520833333333;0.00520833333333;0.00520833333333;0.552083333333;0.00520833333333;0.00520833333333;0.0104166666667;0.00520833333333;0.00520833333333;0.0104166666667;0.00520833333333;0.0104166666667;0.00520833333333;0.00520833333333;0.00520833333333;0.0104166666667;0.00520833333333;0.00520833333333;0.00520833333333;0.00520833333333;0.0104166666667;0.00520833333333;0.0104166666667;0.00520833333333;0.00520833333333;0.00520833333333;0.00520833333333;0.00520833333333;0.00520833333333;0.00520833333333;0.00520833333333;0.0104166666667;0.015625;0.00520833333333;0.00520833333333;0.0104166666667;0.00520833333333;0.00520833333333;0.00520833333333;0.0104166666667;
0.000300210147103;0.000300210147103;0.000300210147103;0.000300210147103;0.0102071450015;0.000300210147103;0.000300210147103;0.00150105073551;0.000300210147103;0.00300210147103;0.00180126088262;0.00420294205944;0.00420294205944;0.000600420294206;0.000300210147103;0.000900630441309;0.000900630441309;0.000300210147103;0.00180126088262;0.00150105073551;0.000900630441309;0.00750525367757;0.00180126088262;0.00540378264785;0.00300210147103;0.00210147102972;0.0114079855899;0.0258180726509;0.00210147102972;0.000600420294206;0.813269288502;0.00120084058841;0.00120084058841;0.00390273191234;0.00120084058841;0.000900630441309;0.00120084058841;0.00150105073551;0.000900630441309;0.000300210147103;0.000600420294206;0.00150105073551;0.000600420294206;0.00150105073551;0.000900630441309;0.00150105073551;0.000900630441309;0.00390273191234;0.00120084058841;0.00630441308916;0.00240168117682;0.000600420294206;0.00810567397178;0.0123086160312;0.00150105073551;0.000600420294206;0.0276193335335;0.000300210147103;0.000600420294206;0.00210147102972;0.000600420294206;0.000900630441309;0.000600420294206;0.00240168117682;0.000300210147103;0.000600420294206;
0.000130872922392;0.000130872922392;0.000130872922392;0.0017013479911;0.000261745844785;0.00130872922392;0.00104698337914;0.00104698337914;0.00143960214632;0.000523491689569;0.000916110456746;0.000261745844785;0.000261745844785;0.0116476900929;0.000130872922392;0.00418793351656;0.00143960214632;0.00353356890459;0.0119094359377;0.00157047506871;0.00274833137024;0.000654364611962;0.000392618767177;0.000261745844785;0.000261745844785;0.000785237534354;0.000261745844785;0.000392618767177;0.000916110456746;0.00719801073158;0.000785237534354;0.81782489203;0.00183222091349;0.000523491689569;0.00143960214632;0.0106007067138;0.00235571260306;0.00117785630153;0.013349038084;0.00641277319723;0.00562753566287;0.00955372333464;0.00235571260306;0.00471142520612;0.0102080879466;0.00157047506871;0.00418793351656;0.000523491689569;0.000785237534354;0.000523491689569;0.000785237534354;0.000785237534354;0.000654364611962;0.000261745844785;0.000654364611962;0.00209396675828;0.000261745844785;0.0121711817825;0.00353356890459;0.000392618767177;0.00117785630153;0.00418793351656;0.00314095013742;0.000523491689569;0.0107315796362;0.00484229812852;
0.000608642726719;0.000608642726719;0.000608642726719;0.000608642726719;0.00182592818016;0.0030432136336;0.000608642726719;0.0030432136336;0.00426049908704;0.00365185636032;0.0030432136336;0.00121728545344;0.00121728545344;0.00243457090688;0.000608642726719;0.00243457090688;0.00243457090688;0.0109555690809;0.00669506999391;0.00730371272063;0.0146074254413;0.00121728545344;0.00365185636032;0.000608642726719;0.00243457090688;0.00121728545344;0.00121728545344;0.00121728545344;0.000608642726719;0.00182592818016;0.00121728545344;0.00182592818016;0.7699330493;0.00121728545344;0.0133901399878;0.0030432136336;0.00608642726719;0.00243457090688;0.00182592818016;0.00121728545344;0.000608642726719;0.00365185636032;0.00486914181376;0.0030432136336;0.00547778454047;0.0219111381619;0.0127814972611;0.000608642726719;0.00426049908704;0.00121728545344;0.00121728545344;0.000608642726719;0.00365185636032;0.00121728545344;0.00182592818016;0.00182592818016;0.000608642726719;0.00182592818016;0.00973828362751;0.00243457090688;0.0103469263542;0.00365185636032;0.00426049908704;0.00730371272063;0.00121728545344;0.00182592818016;
0.00077519379845;0.00077519379845;0.00077519379845;0.0015503875969;0.00232558139535;0.00232558139535;0.00077519379845;0.00387596899225;0.00232558139535;0.0100775193798;0.0093023255814;0.0031007751938;0.0031007751938;0.00077519379845;0.00077519379845;0.00077519379845;0.0015503875969;0.00077519379845;0.00077519379845;0.00387596899225;0.00077519379845;0.0124031007752;0.0093023255814;0.00387596899225;0.0139534883721;0.0031007751938;0.00232558139535;0.0031007751938;0.00542635658915;0.00077519379845;0.00232558139535;0.00077519379845;0.0015503875969;0.766666666667;0.00232558139535;0.00232558139535;0.00077519379845;0.0108527131783;0.00077519379845;0.00077519379845;0.0015503875969;0.0015503875969;0.00232558139535;0.0015503875969;0.00077519379845;0.00232558139535;0.00232558139535;0.0093023255814;0.00542635658915;0.0186046511628;0.0131782945736;0.0031007751938;0.00542635658915;0.00542635658915;0.0031007751938;0.00077519379845;0.0031007751938;0.0031007751938;0.0031007751938;0.00542635658915;0.0031007751938;0.00077519379845;0.0015503875969;0.0062015503876;0.0015503875969;0.00077519379845;
0.00017608733932;0.00017608733932;0.00017608733932;0.000704349357281;0.000528262017961;0.0017608733932;0.000528262017961;0.00581088219757;0.0026413100898;0.0026413100898;0.00440218348301;0.00193696073252;0.00158478605388;0.000352174678641;0.00017608733932;0.00158478605388;0.00316957210777;0.00246522275048;0.00299348476845;0.0133826377883;0.0102130656806;0.00123261137524;0.00810001760873;0.00123261137524;0.0026413100898;0.00123261137524;0.000880436696602;0.000528262017961;0.00193696073252;0.00158478605388;0.000528262017961;0.00246522275048;0.0105652403592;0.00228913541116;0.79521042437;0.00193696073252;0.00281739742912;0.0114456770558;0.000880436696602;0.00123261137524;0.000704349357281;0.000880436696602;0.00352174678641;0.0026413100898;0.00211304807184;0.0100369783413;0.00457827082233;0.00193696073252;0.0103891530199;0.00246522275048;0.00440218348301;0.00281739742912;0.00105652403592;0.000880436696602;0.00475435816165;0.000352174678641;0.00123261137524;0.000880436696602;0.00528262017961;0.00510653284029;0.0109174150379;0.000528262017961;0.00228913541116;0.0130304631097;0.000528262017961;0.000528262017961;
0.000373552484124;0.000373552484124;0.000373552484124;0.00485618229361;0.000373552484124;0.00485618229361;0.00448262980949;0.0014942099365;0.00373552484124;0.00186776242062;0.00112065745237;0.000747104968248;0.00112065745237;0.00485618229361;0.000373552484124;0.00186776242062;0.000373552484124;0.0108330220396;0.00672394471423;0.00298841987299;0.00298841987299;0.00186776242062;0.000747104968248;0.0014942099365;0.000373552484124;0.000747104968248;0.000373552484124;0.000747104968248;0.000747104968248;0.00859170713485;0.000373552484124;0.014942099365;0.00336197235712;0.00112065745237;0.00112065745237;0.797908106089;0.00224131490474;0.000747104968248;0.00224131490474;0.00298841987299;0.00560328726186;0.00522973477774;0.00261486738887;0.0127007844602;0.0145685468808;0.00224131490474;0.00336197235712;0.000373552484124;0.0014942099365;0.000373552484124;0.00112065745237;0.000373552484124;0.000373552484124;0.000747104968248;0.00224131490474;0.00448262980949;0.000373552484124;0.011953679492;0.00522973477774;0.000747104968248;0.00112065745237;0.0145685468808;0.00224131490474;0.000747104968248;0.00298841987299;0.00261486738887;
0.0011862396204;0.0011862396204;0.0011862396204;0.00355871886121;0.0011862396204;0.0011862396204;0.0011862396204;0.0011862396204;0.0011862396204;0.0011862396204;0.00237247924081;0.0011862396204;0.0011862396204;0.00237247924081;0.0011862396204;0.0106761565836;0.00948991696323;0.00593119810202;0.00355871886121;0.00830367734282;0.00711743772242;0.00237247924081;0.00474495848161;0.0011862396204;0.00237247924081;0.00593119810202;0.0011862396204;0.0011862396204;0.00711743772242;0.0011862396204;0.0011862396204;0.00948991696323;0.00474495848161;0.0011862396204;0.00474495848161;0.00237247924081;0.760379596679;0.0011862396204;0.00474495848161;0.00237247924081;0.00237247924081;0.00830367734282;0.0189798339265;0.00237247924081;0.0011862396204;0.00355871886121;0.00830367734282;0.00237247924081;0.0011862396204;0.00237247924081;0.00355871886121;0.00474495848161;0.0011862396204;0.00237247924081;0.00355871886121;0.00355871886121;0.0011862396204;0.00355871886121;0.00355871886121;0.00355871886121;0.00237247924081;0.0011862396204;0.017793594306;0.00355871886121;0.00355871886121;0.00237247924081;
0.00156739811912;0.00156739811912;0.00156739811912;0.00156739811912;0.00156739811912;0.00313479623824;0.00156739811912;0.00313479623824;0.00313479623824;0.00313479623824;0.00783699059561;0.00313479623824;0.00783699059561;0.00156739811912;0.00156739811912;0.00156739811912;0.00156739811912;0.00156739811912;0.00156739811912;0.0109717868339;0.00313479623824;0.00940438871473;0.00940438871473;0.00470219435737;0.00470219435737;0.00156739811912;0.00156739811912;0.00313479623824;0.00470219435737;0.00313479623824;0.00156739811912;0.00156739811912;0.00313479623824;0.00940438871473;0.0109717868339;0.00156739811912;0.00313479623824;0.73197492163;0.00156739811912;0.00156739811912;0.00156739811912;0.00156739811912;0.00313479623824;0.00156739811912;0.00313479623824;0.00470219435737;0.00156739811912;0.00626959247649;0.0203761755486;0.00470219435737;0.00783699059561;0.00783699059561;0.00156739811912;0.00313479623824;0.00313479623824;0.00156739811912;0.00156739811912;0.00156739811912;0.00470219435737;0.012539184953;0.00940438871473;0.00313479623824;0.00156739811912;0.0156739811912;0.00156739811912;0.00156739811912;
0.00398406374502;0.00398406374502;0.00398406374502;0.00398406374502;0.00398406374502;0.00796812749004;0.00398406374502;0.00398406374502;0.00398406374502;0.00398406374502;0.00398406374502;0.00398406374502;0.00398406374502;0.00398406374502;0.00398406374502;0.0119521912351;0.00796812749004;0.00796812749004;0.00398406374502;0.0119521912351;0.00398406374502;0.00398406374502;0.00398406374502;0.00398406374502;0.00398406374502;0.00398406374502;0.00398406374502;0.00398406374502;0.00398406374502;0.00796812749004;0.00398406374502;0.0199203187251;0.00796812749004;0.00398406374502;0.00398406374502;0.00398406374502;0.00398406374502;0.00398406374502;0.637450199203;0.0159362549801;0.00398406374502;0.0159362549801;0.00796812749004;0.00796812749004;0.00796812749004;0.00398406374502;0.00398406374502;0.00398406374502;0.00398406374502;0.00398406374502;0.00398406374502;0.00398406374502;0.00398406374502;0.00398406374502;0.00398406374502;0.00398406374502;0.00398406374502;0.00398406374502;0.00796812749004;0.00398406374502;0.00796812749004;0.00398406374502;0.00796812749004;0.00398406374502;0.00796812749004;0.00398406374502;
0.00649350649351;0.00649350649351;0.00649350649351;0.00649350649351;0.00649350649351;0.00649350649351;0.00649350649351;0.00649350649351;0.00649350649351;0.00649350649351;0.00649350649351;0.00649350649351;0.00649350649351;0.0194805194805;0.00649350649351;0.00649350649351;0.00649350649351;0.00649350649351;0.00649350649351;0.00649350649351;0.00649350649351;0.00649350649351;0.012987012987;0.00649350649351;0.00649350649351;0.00649350649351;0.00649350649351;0.00649350649351;0.00649350649351;0.00649350649351;0.00649350649351;0.0194805194805;0.00649350649351;0.00649350649351;0.00649350649351;0.012987012987;0.00649350649351;0.00649350649351;0.012987012987;0.487012987013;0.00649350649351;0.00649350649351;0.00649350649351;0.00649350649351;0.00649350649351;0.00649350649351;0.012987012987;0.00649350649351;0.00649350649351;0.00649350649351;0.00649350649351;0.00649350649351;0.00649350649351;0.00649350649351;0.012987012987;0.00649350649351;0.00649350649351;0.012987012987;0.00649350649351;0.00649350649351;0.00649350649351;0.00649350649351;0.00649350649351;0.00649350649351;0.0194805194805;0.0194805194805;
1.30226985636e-05;1.30226985636e-05;1.30226985636e-05;1.30226985636e-05;1.30226985636e-05;1.30226985636e-05;1.30226985636e-05;1.30226985636e-05;1.30226985636e-05;1.30226985636e-05;1.30226985636e-05;1.30226985636e-05;1.30226985636e-05;0.024170128534;1.30226985636e-05;0.00255244891846;0.00118506556929;0.0032556746409;0.00341194702366;0.00109390667934;0.00191433668885;0.000455794449726;0.000755316516689;0.000377658258344;0.000546953339671;0.000494862545417;0.000390680956908;0.000312544765526;0.000742293818125;0.0235710844001;0.000286499368399;0.00935029756866;0.00161481462189;0.000494862545417;0.00105483858365;0.00915495709021;0.00152365573194;0.00083345270807;0.00502676164555;0.00940238836292;0.826785086406;1.30226985636e-05;1.30226985636e-05;1.30226985636e-05;1.30226985636e-05;1.30226985636e-05;1.30226985636e-05;1.30226985636e-05;1.30226985636e-05;1.30226985636e-05;1.30226985636e-05;1.30226985636e-05;1.30226985636e-05;1.30226985636e-05;1.30226985636e-05;0.023245516936;1.30226985636e-05;0.0222297464481;1.30226985636e-05;1.30226985636e-05;1.30226985636e-05;1.30226985636e-05;1.30226985636e-05;1.30226985636e-05;1.30226985636e-05;0.0232976077303;
3.52659049231e-05;3.52659049231e-05;3.52659049231e-05;3.52659049231e-05;3.52659049231e-05;3.52659049231e-05;3.52659049231e-05;3.52659049231e-05;3.52659049231e-05;3.52659049231e-05;3.52659049231e-05;3.52659049231e-05;3.52659049231e-05;0.00652419241078;3.52659049231e-05;0.0186556637043;0.00260967696431;0.00680631965016;0.0167513048385;0.00250387924954;0.00684158555509;0.000528988573847;0.00151643391169;0.000705318098462;0.000740584003386;0.000987445337847;0.000493722668924;0.000317393144308;0.00109324305262;0.00423190859077;0.000352659049231;0.0152701368317;0.00416137678093;0.000634786288616;0.00162223162646;0.00666525603047;0.00684158555509;0.00165749753139;0.0170334320779;0.00641839469601;3.52659049231e-05;0.819226971364;3.52659049231e-05;3.52659049231e-05;0.0159401890253;3.52659049231e-05;3.52659049231e-05;3.52659049231e-05;3.52659049231e-05;3.52659049231e-05;3.52659049231e-05;3.52659049231e-05;3.52659049231e-05;3.52659049231e-05;3.52659049231e-05;3.52659049231e-05;3.52659049231e-05;3.52659049231e-05;3.52659049231e-05;3.52659049231e-05;3.52659049231e-05;3.52659049231e-05;0.0154817322612;3.52659049231e-05;0.0161165185499;3.52659049231e-05;
8.36470096194e-05;8.36470096194e-05;8.36470096194e-05;8.36470096194e-05;8.36470096194e-05;8.36470096194e-05;8.36470096194e-05;8.36470096194e-05;8.36470096194e-05;8.36470096194e-05;8.36470096194e-05;8.36470096194e-05;8.36470096194e-05;0.00150564617315;8.36470096194e-05;0.00660811375993;0.0158929318277;0.00351317440402;0.00568799665412;0.0163111668758;0.0159765788373;0.00100376411543;0.00585529067336;0.00133835215391;0.00192388122125;0.0021748222501;0.000752823086575;0.000585529067336;0.00635717273107;0.00117105813467;0.000501882057716;0.00200752823087;0.00585529067336;0.00192388122125;0.00803011292346;0.0021748222501;0.0148055207026;0.00351317440402;0.00209117524049;0.00150564617315;8.36470096194e-05;8.36470096194e-05;0.81756587202;8.36470096194e-05;8.36470096194e-05;0.0163948138854;8.36470096194e-05;8.36470096194e-05;8.36470096194e-05;8.36470096194e-05;8.36470096194e-05;8.36470096194e-05;8.36470096194e-05;8.36470096194e-05;0.017147636972;8.36470096194e-05;8.36470096194e-05;8.36470096194e-05;8.36470096194e-05;8.36470096194e-05;8.36470096194e-05;8.36470096194e-05;0.0168130489335;8.36470096194e-05;8.36470096194e-05;8.36470096194e-05;
9.44233565615e-06;9.44233565615e-06;9.44233565615e-06;9.44233565615e-06;9.44233565615e-06;0.0186769399279;9.44233565615e-06;9.44233565615e-06;9.44233565615e-06;9.44233565615e-06;9.44233565615e-06;9.44233565615e-06;9.44233565615e-06;0.0044567824297;9.44233565615e-06;0.00304043208128;0.0015296583763;0.0190735180254;0.00759163786754;0.00213396785829;0.00416407002436;0.000547655468057;0.00126527297792;0.000528770796744;0.000793156195116;0.000642078824618;0.000396578097558;0.000443789775839;0.000963118236927;0.00746888750401;0.000302154740997;0.00748777217533;0.00738390648311;0.000972560572583;0.00288935471078;0.0189885370045;0.00203010216607;0.00139746567711;0.00297433573169;0.00219062187223;9.44233565615e-06;9.44233565615e-06;9.44233565615e-06;0.822852340755;0.0189413253262;9.44233565615e-06;9.44233565615e-06;9.44233565615e-06;9.44233565615e-06;9.44233565615e-06;9.44233565615e-06;9.44233565615e-06;9.44233565615e-06;9.44233565615e-06;9.44233565615e-06;9.44233565615e-06;9.44233565615e-06;9.44233565615e-06;0.0189979793402;9.44233565615e-06;9.44233565615e-06;0.0185447472287;9.44233565615e-06;9.44233565615e-06;9.44233565615e-06;9.44233565615e-06;
3.50287235533e-05;3.50287235533e-05;3.50287235533e-05;3.50287235533e-05;3.50287235533e-05;3.50287235533e-05;3.50287235533e-05;3.50287235533e-05;3.50287235533e-05;3.50287235533e-05;3.50287235533e-05;3.50287235533e-05;3.50287235533e-05;0.00669048619868;3.50287235533e-05;0.0057797393863;0.00189155107188;0.0162533277287;0.0150623511279;0.00238195320163;0.00620008406894;0.000560459576853;0.00129606277147;0.000385315959086;0.000770631918173;0.00115594787726;0.000490402129746;0.000385315959086;0.00185652234833;0.00609499789828;0.000140114894213;0.0158329830461;0.00697071598711;0.000700574471066;0.00297744150203;0.0155177245341;0.00325767129046;0.00154126383635;0.00581476810985;0.00406333193218;3.50287235533e-05;0.0147120638924;3.50287235533e-05;0.0153425809164;0.813927420485;3.50287235533e-05;0.0156928681519;3.50287235533e-05;3.50287235533e-05;3.50287235533e-05;3.50287235533e-05;3.50287235533e-05;3.50287235533e-05;3.50287235533e-05;3.50287235533e-05;3.50287235533e-05;3.50287235533e-05;0.0150273224044;3.50287235533e-05;3.50287235533e-05;3.50287235533e-05;3.50287235533e-05;3.50287235533e-05;3.50287235533e-05;3.50287235533e-05;3.50287235533e-05;
5.48486178148e-05;5.48486178148e-05;5.48486178148e-05;5.48486178148e-05;5.48486178148e-05;5.48486178148e-05;5.48486178148e-05;5.48486178148e-05;5.48486178148e-05;5.48486178148e-05;5.48486178148e-05;5.48486178148e-05;5.48486178148e-05;0.00153576129882;5.48486178148e-05;0.00323606845108;0.00636243966652;0.00636243966652;0.00548486178148;0.013931548925;0.0173321632295;0.001480912681;0.00488152698552;0.000932426502852;0.00219394471259;0.00197455024133;0.000713032031593;0.000877577885037;0.0033457656867;0.00126151820974;0.000383940324704;0.00241333918385;0.0144251864853;0.00219394471259;0.0150833698991;0.00285212812637;0.00510092145678;0.00603334795963;0.001480912681;0.00137121544537;5.48486178148e-05;5.48486178148e-05;0.0144800351031;5.48486178148e-05;5.48486178148e-05;0.815050460728;0.0140960947784;5.48486178148e-05;0.0151382185169;5.48486178148e-05;5.48486178148e-05;5.48486178148e-05;5.48486178148e-05;5.48486178148e-05;5.48486178148e-05;5.48486178148e-05;5.48486178148e-05;5.48486178148e-05;5.48486178148e-05;5.48486178148e-05;0.0160706450197;5.48486178148e-05;5.48486178148e-05;5.48486178148e-05;5.48486178148e-05;5.48486178148e-05;
5.78469370047e-05;5.78469370047e-05;5.78469370047e-05;5.78469370047e-05;5.78469370047e-05;5.78469370047e-05;5.78469370047e-05;5.78469370047e-05;5.78469370047e-05;5.78469370047e-05;5.78469370047e-05;5.78469370047e-05;5.78469370047e-05;0.00190894892115;5.78469370047e-05;0.00717302018858;0.00404928559033;0.0144617342512;0.0131891016371;0.00474344883438;0.0141146526291;0.000578469370047;0.00219818360618;0.000752010181061;0.0012726326141;0.00098339792908;0.000404928559033;0.000636316307052;0.00214033666917;0.00329727540927;0.000520622433042;0.00537976514144;0.0148666628102;0.00138832648811;0.00566899982646;0.00601608144849;0.00694163244056;0.0024295713542;0.00404928559033;0.00138832648811;5.78469370047e-05;5.78469370047e-05;5.78469370047e-05;5.78469370047e-05;0.0153294383062;0.0174119280384;0.815352577081;5.78469370047e-05;5.78469370047e-05;5.78469370047e-05;5.78469370047e-05;5.78469370047e-05;5.78469370047e-05;5.78469370047e-05;5.78469370047e-05;5.78469370047e-05;5.78469370047e-05;5.78469370047e-05;0.0145195811882;5.78469370047e-05;5.78469370047e-05;5.78469370047e-05;0.0148088158732;5.78469370047e-05;5.78469370047e-05;5.78469370047e-05;
1.58445962005e-05;1.58445962005e-05;1.58445962005e-05;1.58445962005e-05;1.58445962005e-05;1.58445962005e-05;1.58445962005e-05;1.58445962005e-05;1.58445962005e-05;1.58445962005e-05;1.58445962005e-05;1.58445962005e-05;0.0186807789203;0.000364425712611;1.58445962005e-05;0.000728851425221;0.00177459477445;0.00104574334923;0.000966520368228;0.00239253402627;0.00125172309984;0.01880753569;0.00418297339692;0.00779554133063;0.00869868331406;0.00264604756548;0.00426219637793;0.00790645350403;0.00270942595028;0.00034858111641;0.0035650341451;0.000522871674615;0.00145770285044;0.0193779411532;0.00289956110469;0.000459493289814;0.000998209560629;0.00825503462044;0.000459493289814;0.000380270308811;1.58445962005e-05;1.58445962005e-05;1.58445962005e-05;1.58445962005e-05;1.58445962005e-05;1.58445962005e-05;1.58445962005e-05;0.819736029027;1.58445962005e-05;0.0190135154406;1.58445962005e-05;1.58445962005e-05;1.58445962005e-05;0.0186649343241;1.58445962005e-05;1.58445962005e-05;1.58445962005e-05;1.58445962005e-05;1.58445962005e-05;0.0190927384216;1.58445962005e-05;1.58445962005e-05;1.58445962005e-05;1.58445962005e-05;1.58445962005e-05;1.58445962005e-05;
2.74551794196e-05;2.74551794196e-05;2.74551794196e-05;2.74551794196e-05;2.74551794196e-05;2.74551794196e-05;2.74551794196e-05;2.74551794196e-05;2.74551794196e-05;2.74551794196e-05;2.74551794196e-05;2.74551794196e-05;2.74551794196e-05;0.000960931279686;2.74551794196e-05;0.00186695220053;0.00650687752244;0.00244351096834;0.00258078686544;0.0135354034539;0.00639705680477;0.00247096614776;0.015182714219;0.00222386953299;0.00609504983115;0.00343189742745;0.0012629382533;0.00134530379156;0.00628723608709;0.000878565741427;0.00109820717678;0.00134530379156;0.00568322213986;0.00675397413722;0.0145512450924;0.00101584163853;0.00310243527441;0.0154847211927;0.00101584163853;0.000878565741427;2.74551794196e-05;2.74551794196e-05;2.74551794196e-05;2.74551794196e-05;2.74551794196e-05;0.0147983417072;2.74551794196e-05;2.74551794196e-05;0.813085138511;2.74551794196e-05;0.0156219970898;2.74551794196e-05;2.74551794196e-05;2.74551794196e-05;0.0155396315515;2.74551794196e-05;2.74551794196e-05;2.74551794196e-05;2.74551794196e-05;2.74551794196e-05;2.74551794196e-05;2.74551794196e-05;2.74551794196e-05;0.0155945419103;2.74551794196e-05;2.74551794196e-05;
0.000137969094923;0.000137969094923;0.000137969094923;0.000137969094923;0.000137969094923;0.000137969094923;0.000137969094923;0.000137969094923;0.000137969094923;0.000137969094923;0.000137969094923;0.000137969094923;0.000137969094923;0.000551876379691;0.000137969094923;0.000689845474614;0.00262141280353;0.000827814569536;0.00137969094923;0.00289735099338;0.00137969094923;0.0189017660044;0.00593267108168;0.0194536423841;0.0206953642384;0.00703642384106;0.00689845474614;0.00620860927152;0.00469094922737;0.000551876379691;0.00220750551876;0.000689845474614;0.00137969094923;0.0176600441501;0.0030353200883;0.000965783664459;0.0012417218543;0.00579470198675;0.000827814569536;0.000689845474614;0.000137969094923;0.000137969094923;0.000137969094923;0.000137969094923;0.000137969094923;0.000137969094923;0.000137969094923;0.01793598234;0.000137969094923;0.806153421634;0.0176600441501;0.000137969094923;0.0180739514349;0.000137969094923;0.000137969094923;0.000137969094923;0.000137969094923;0.000137969094923;0.000137969094923;0.000137969094923;0.000137969094923;0.000137969094923;0.000137969094923;0.000137969094923;0.000137969094923;0.000137969094923;
0.000871080139373;0.000871080139373;0.000871080139373;0.000871080139373;0.000871080139373;0.000871080139373;0.000871080139373;0.000871080139373;0.000871080139373;0.000871080139373;0.000871080139373;0.000871080139373;0.000871080139373;0.000871080139373;0.000871080139373;0.00174216027875;0.00435540069686;0.00174216027875;0.00261324041812;0.00871080139373;0.00348432055749;0.00435540069686;0.0165505226481;0.00696864111498;0.0174216027875;0.00696864111498;0.00261324041812;0.00696864111498;0.00522648083624;0.00174216027875;0.00348432055749;0.00174216027875;0.00348432055749;0.0243902439024;0.00522648083624;0.00174216027875;0.00261324041812;0.0191637630662;0.00261324041812;0.000871080139373;0.000871080139373;0.000871080139373;0.000871080139373;0.000871080139373;0.000871080139373;0.000871080139373;0.000871080139373;0.000871080139373;0.0165505226481;0.01393728223;0.748257839721;0.0182926829268;0.000871080139373;0.000871080139373;0.000871080139373;0.000871080139373;0.000871080139373;0.000871080139373;0.000871080139373;0.0148083623693;0.000871080139373;0.000871080139373;0.000871080139373;0.000871080139373;0.000871080139373;0.000871080139373;
4.27478305476e-05;4.27478305476e-05;4.27478305476e-05;4.27478305476e-05;4.27478305476e-05;4.27478305476e-05;4.27478305476e-05;4.27478305476e-05;4.27478305476e-05;4.27478305476e-05;4.27478305476e-05;4.27478305476e-05;4.27478305476e-05;0.000854956610952;4.27478305476e-05;0.00136793057752;0.00688240071816;0.0017099132219;0.00166716539136;0.00649767024324;0.00320608729107;0.00393280041038;0.0174411148634;0.00701064420981;0.0215021587654;0.0180395844911;0.00303509596888;0.00222288718848;0.0183815671355;0.000213739152738;0.00123968708588;0.000940452272047;0.00252212200231;0.00713888770145;0.00474500919078;0.000854956610952;0.00277860898559;0.00829307912623;0.000854956610952;0.000512973966571;4.27478305476e-05;4.27478305476e-05;4.27478305476e-05;4.27478305476e-05;4.27478305476e-05;4.27478305476e-05;4.27478305476e-05;4.27478305476e-05;4.27478305476e-05;4.27478305476e-05;0.0193647672381;0.816825546104;4.27478305476e-05;4.27478305476e-05;0.0183815671355;4.27478305476e-05;4.27478305476e-05;4.27478305476e-05;4.27478305476e-05;4.27478305476e-05;4.27478305476e-05;4.27478305476e-05;4.27478305476e-05;4.27478305476e-05;4.27478305476e-05;4.27478305476e-05;
2.88992283906e-05;2.88992283906e-05;2.88992283906e-05;2.88992283906e-05;2.88992283906e-05;2.88992283906e-05;2.88992283906e-05;2.88992283906e-05;2.88992283906e-05;2.88992283906e-05;2.88992283906e-05;2.88992283906e-05;2.88992283906e-05;0.00049128688264;2.88992283906e-05;0.00049128688264;0.00158945756148;0.000520186111031;0.000751379938156;0.00158945756148;0.00098257376528;0.0209808398116;0.00309221743779;0.0206340490709;0.00806288472098;0.0055197526226;0.0222524058608;0.019680374534;0.00260093055515;0.00049128688264;0.00760049706673;0.000635783024593;0.00101147299367;0.00823628009132;0.00161835678987;0.000433488425859;0.000838077623327;0.00326561280814;0.000520186111031;0.000231193827125;2.88992283906e-05;2.88992283906e-05;2.88992283906e-05;2.88992283906e-05;2.88992283906e-05;2.88992283906e-05;2.88992283906e-05;2.88992283906e-05;2.88992283906e-05;0.0195069791637;2.88992283906e-05;2.88992283906e-05;0.823165621478;0.0221368089472;2.88992283906e-05;2.88992283906e-05;2.88992283906e-05;2.88992283906e-05;2.88992283906e-05;2.88992283906e-05;2.88992283906e-05;2.88992283906e-05;2.88992283906e-05;2.88992283906e-05;2.88992283906e-05;2.88992283906e-05;
1.46498681512e-05;1.46498681512e-05;1.46498681512e-05;1.46498681512e-05;1.46498681512e-05;1.46498681512e-05;1.46498681512e-05;1.46498681512e-05;1.46498681512e-05;1.46498681512e-05;1.46498681512e-05;0.0210958101377;1.46498681512e-05;0.000263697626721;1.46498681512e-05;0.000556694989745;0.00130383826546;0.000835042484618;0.000629944330501;0.00142103721067;0.000952241429827;0.0205244652798;0.00256372692646;0.00782302959273;0.00392616466452;0.00237327864049;0.00761793143862;0.0197187225315;0.00159683562848;0.000424846176384;0.00777907998828;0.000380896571931;0.00111338997949;0.00865807207735;0.00156753589218;0.000395546440082;0.000893641957222;0.00285672428948;0.000556694989745;0.000278347494873;1.46498681512e-05;1.46498681512e-05;1.46498681512e-05;1.46498681512e-05;1.46498681512e-05;1.46498681512e-05;1.46498681512e-05;0.0200263697627;1.46498681512e-05;1.46498681512e-05;1.46498681512e-05;1.46498681512e-05;0.0202168180486;0.82092001172;1.46498681512e-05;1.46498681512e-05;0.0202168180486;1.46498681512e-05;1.46498681512e-05;1.46498681512e-05;1.46498681512e-05;1.46498681512e-05;1.46498681512e-05;1.46498681512e-05;1.46498681512e-05;1.46498681512e-05;
1.60187098531e-05;1.60187098531e-05;1.60187098531e-05;1.60187098531e-05;1.60187098531e-05;1.60187098531e-05;1.60187098531e-05;1.60187098531e-05;1.60187098531e-05;1.60187098531e-05;1.60187098531e-05;1.60187098531e-05;1.60187098531e-05;0.000752879363096;1.60187098531e-05;0.00262706841591;0.0169958511541;0.00197030131193;0.00241882518782;0.0159065788841;0.00664776458904;0.00197030131193;0.0158264853349;0.00253095615679;0.00666378329889;0.00648757749051;0.00113732839957;0.0010251974306;0.0170439072837;0.00072084194339;0.000656767103977;0.00121742194884;0.0038605090746;0.00363624713666;0.00653563362007;0.00131353420795;0.00695212007625;0.00621525942301;0.00118538452913;0.000784916782802;1.60187098531e-05;1.60187098531e-05;0.0164832524388;1.60187098531e-05;1.60187098531e-05;1.60187098531e-05;1.60187098531e-05;1.60187098531e-05;0.0161788969516;1.60187098531e-05;1.60187098531e-05;0.0160187098531;1.60187098531e-05;1.60187098531e-05;0.817659025742;1.60187098531e-05;1.60187098531e-05;1.60187098531e-05;1.60187098531e-05;1.60187098531e-05;1.60187098531e-05;1.60187098531e-05;1.60187098531e-05;1.60187098531e-05;1.60187098531e-05;1.60187098531e-05;
0.0014684287812;0.0014684287812;0.0014684287812;0.0279001468429;0.0014684287812;0.0014684287812;0.0014684287812;0.0014684287812;0.0014684287812;0.0014684287812;0.0014684287812;0.0014684287812;0.0014684287812;0.0132158590308;0.0014684287812;0.00293685756241;0.0014684287812;0.00734214390602;0.0014684287812;0.0014684287812;0.00440528634361;0.0014684287812;0.00293685756241;0.0014684287812;0.00293685756241;0.0014684287812;0.0014684287812;0.0014684287812;0.0014684287812;0.0367107195301;0.0014684287812;0.00293685756241;0.00293685756241;0.0014684287812;0.0014684287812;0.0132158590308;0.0014684287812;0.0014684287812;0.00440528634361;0.00293685756241;0.0205580029369;0.0014684287812;0.0014684287812;0.0014684287812;0.0014684287812;0.0014684287812;0.0014684287812;0.0014684287812;0.0014684287812;0.0014684287812;0.0014684287812;0.0014684287812;0.0014684287812;0.0014684287812;0.0014684287812;0.748898678414;0.0014684287812;0.0014684287812;0.0014684287812;0.0014684287812;0.0014684287812;0.0323054331865;0.0014684287812;0.0014684287812;0.0014684287812;0.0014684287812;
4.99850044987e-05;4.99850044987e-05;4.99850044987e-05;4.99850044987e-05;0.0288913326002;4.99850044987e-05;4.99850044987e-05;4.99850044987e-05;4.99850044987e-05;4.99850044987e-05;4.99850044987e-05;4.99850044987e-05;4.99850044987e-05;0.000399880035989;4.99850044987e-05;0.000449865040488;0.00129961011696;0.000649805058482;0.000599820053984;0.00164950514846;0.000999700089973;0.0107467759672;0.00184944516645;0.00614815555333;0.0036988903329;0.00234929521144;0.0108467459762;0.0272418274518;0.00174947515745;0.000399880035989;0.0284914525642;0.000449865040488;0.000549835049485;0.00389883035089;0.00104968509447;0.000549835049485;0.000849745076477;0.00204938518444;0.000549835049485;0.000399880035989;4.99850044987e-05;4.99850044987e-05;4.99850044987e-05;4.99850044987e-05;4.99850044987e-05;4.99850044987e-05;4.99850044987e-05;4.99850044987e-05;4.99850044987e-05;4.99850044987e-05;4.99850044987e-05;4.99850044987e-05;4.99850044987e-05;0.0267419774068;4.99850044987e-05;4.99850044987e-05;0.832600219934;4.99850044987e-05;4.99850044987e-05;4.99850044987e-05;4.99850044987e-05;4.99850044987e-05;4.99850044987e-05;4.99850044987e-05;4.99850044987e-05;4.99850044987e-05;
1.69116030509e-05;1.69116030509e-05;1.69116030509e-05;1.69116030509e-05;1.69116030509e-05;1.69116030509e-05;1.69116030509e-05;1.69116030509e-05;1.69116030509e-05;1.69116030509e-05;1.69116030509e-05;1.69116030509e-05;1.69116030509e-05;0.0168777798448;1.69116030509e-05;0.00365290625898;0.0010316077861;0.00657861358678;0.00735654732712;0.00143748625932;0.00273967969424;0.000507348091526;0.00099778458;0.000456613282373;0.000439701679322;0.000355143664068;0.000304408854915;0.000270585648814;0.000574994503729;0.0167424870203;0.000152204427458;0.0168270450356;0.00263821007593;0.000473524885424;0.00131910503797;0.0174358627454;0.00186027633559;0.000828668549492;0.00706905007526;0.00679846442644;0.0171145422875;1.69116030509e-05;1.69116030509e-05;1.69116030509e-05;0.0176049787759;1.69116030509e-05;1.69116030509e-05;1.69116030509e-05;1.69116030509e-05;1.69116030509e-05;1.69116030509e-05;1.69116030509e-05;1.69116030509e-05;1.69116030509e-05;1.69116030509e-05;1.69116030509e-05;1.69116030509e-05;0.81640763728;1.69116030509e-05;1.69116030509e-05;1.69116030509e-05;0.0159814648831;1.69116030509e-05;1.69116030509e-05;0.0165733709898;1.69116030509e-05;
1.6812091256e-05;1.6812091256e-05;1.6812091256e-05;1.6812091256e-05;1.6812091256e-05;1.6812091256e-05;1.6812091256e-05;1.6812091256e-05;0.0189304147543;1.6812091256e-05;1.6812091256e-05;1.6812091256e-05;1.6812091256e-05;0.0026394983272;1.6812091256e-05;0.00326154570367;0.00181570585565;0.0193002807619;0.00722919924009;0.00395084144517;0.00769993779526;0.000991913384106;0.00220238395454;0.000857416654058;0.00131134311797;0.00102553756662;0.000504362737681;0.000655671558985;0.00147946403053;0.00272355878348;0.000453926463913;0.00400127771894;0.0175181990888;0.00158033657807;0.0082211126242;0.00716195087507;0.00270674669222;0.00284124342227;0.00200063885947;0.00122728266169;1.6812091256e-05;1.6812091256e-05;1.6812091256e-05;0.0192834686707;1.6812091256e-05;1.6812091256e-05;0.0173837023587;1.6812091256e-05;1.6812091256e-05;1.6812091256e-05;1.6812091256e-05;1.6812091256e-05;1.6812091256e-05;1.6812091256e-05;1.6812091256e-05;1.6812091256e-05;1.6812091256e-05;1.6812091256e-05;0.820278744473;1.6812091256e-05;0.0181738706478;1.6812091256e-05;1.6812091256e-05;1.6812091256e-05;1.6812091256e-05;1.6812091256e-05;
3.93375555643e-05;3.93375555643e-05;3.93375555643e-05;3.93375555643e-05;3.93375555643e-05;3.93375555643e-05;3.93375555643e-05;3.93375555643e-05;3.93375555643e-05;0.0184886511152;3.93375555643e-05;3.93375555643e-05;3.93375555643e-05;0.000590063333464;3.93375555643e-05;0.000983438889107;0.00236025333386;0.00228157822273;0.00102277644467;0.00424845600094;0.00247826600055;0.00735612289052;0.00731678533496;0.00342236733409;0.00676605955706;0.00263561622281;0.00204555288934;0.00255694111168;0.00259627866724;0.000668738444593;0.00133747688919;0.000668738444593;0.00255694111168;0.0184886511152;0.00747413555722;0.00133747688919;0.0011014515558;0.018331300893;0.00082608866685;0.000393375555643;3.93375555643e-05;3.93375555643e-05;3.93375555643e-05;3.93375555643e-05;3.93375555643e-05;3.93375555643e-05;3.93375555643e-05;0.016797136226;3.93375555643e-05;3.93375555643e-05;0.0190000393376;3.93375555643e-05;3.93375555643e-05;3.93375555643e-05;3.93375555643e-05;3.93375555643e-05;3.93375555643e-05;3.93375555643e-05;3.93375555643e-05;0.824161126628;3.93375555643e-05;3.93375555643e-05;3.93375555643e-05;0.018331300893;3.93375555643e-05;3.93375555643e-05;
1.29750489808e-05;1.29750489808e-05;1.29750489808e-05;1.29750489808e-05;1.29750489808e-05;1.29750489808e-05;1.29750489808e-05;0.0183986194548;1.29750489808e-05;1.29750489808e-05;1.29750489808e-05;1.29750489808e-05;1.29750489808e-05;0.0012196546042;1.29750489808e-05;0.0019592323961;0.00282856067782;0.00799263017218;0.00393143984119;0.00721412723333;0.00694165120473;0.00154403082872;0.00420391586978;0.00107692906541;0.00203708268999;0.00146618053483;0.000752552840887;0.000726602742925;0.00198518249406;0.00159593102464;0.000531977008213;0.00237443396349;0.0183337442099;0.00275071038393;0.0177887921527;0.00275071038393;0.0028415357268;0.00712330189046;0.00159593102464;0.000921228477638;1.29750489808e-05;1.29750489808e-05;1.29750489808e-05;1.29750489808e-05;1.29750489808e-05;0.0177368919568;1.29750489808e-05;1.29750489808e-05;1.29750489808e-05;1.29750489808e-05;1.29750489808e-05;1.29750489808e-05;1.29750489808e-05;1.29750489808e-05;1.29750489808e-05;1.29750489808e-05;1.29750489808e-05;1.29750489808e-05;0.0190733220018;1.29750489808e-05;0.821632001661;1.29750489808e-05;1.29750489808e-05;0.0182169687691;1.29750489808e-05;1.29750489808e-05;
7.20876585928e-05;7.20876585928e-05;7.20876585928e-05;7.20876585928e-05;7.20876585928e-05;7.20876585928e-05;0.0204008073818;7.20876585928e-05;7.20876585928e-05;7.20876585928e-05;7.20876585928e-05;7.20876585928e-05;7.20876585928e-05;0.00973183391003;7.20876585928e-05;0.00223471741638;0.00122549019608;0.00836216839677;0.00482987312572;0.00129757785467;0.00245098039216;0.000360438292964;0.00108131487889;0.000360438292964;0.000792964244521;0.000576701268743;0.000288350634371;0.000144175317186;0.000360438292964;0.0213379469435;7.20876585928e-05;0.00857843137255;0.00259515570934;0.0010092272203;0.00165801614764;0.0223471741638;0.00173010380623;0.000937139561707;0.00324394463668;0.00281141868512;7.20876585928e-05;7.20876585928e-05;7.20876585928e-05;0.0208333333333;7.20876585928e-05;7.20876585928e-05;7.20876585928e-05;7.20876585928e-05;7.20876585928e-05;7.20876585928e-05;7.20876585928e-05;7.20876585928e-05;7.20876585928e-05;7.20876585928e-05;7.20876585928e-05;0.0195357554787;7.20876585928e-05;0.0193194925029;7.20876585928e-05;7.20876585928e-05;7.20876585928e-05;0.816969434833;7.20876585928e-05;7.20876585928e-05;7.20876585928e-05;7.20876585928e-05;
0.000109385254868;0.000109385254868;0.000109385254868;0.000109385254868;0.000109385254868;0.000109385254868;0.000109385254868;0.000109385254868;0.000109385254868;0.000109385254868;0.000109385254868;0.000109385254868;0.000109385254868;0.00262524611682;0.000109385254868;0.0153139356815;0.00721942682126;0.00656311529206;0.0153139356815;0.00667250054693;0.0162984029753;0.000765696784074;0.00262524611682;0.000328155764603;0.00196893458762;0.00175016407788;0.00109385254868;0.000328155764603;0.00284401662656;0.00218770509735;0.000546926274338;0.00590680376285;0.00470356595931;0.00175016407788;0.00415663968497;0.00306278713629;0.0178297965434;0.00207831984249;0.00579741850799;0.00175016407788;0.000109385254868;0.0183767228178;0.0177204112886;0.000109385254868;0.000109385254868;0.000109385254868;0.0188142638372;0.000109385254868;0.000109385254868;0.000109385254868;0.000109385254868;0.000109385254868;0.000109385254868;0.000109385254868;0.000109385254868;0.000109385254868;0.000109385254868;0.000109385254868;0.000109385254868;0.000109385254868;0.000109385254868;0.000109385254868;0.80966965653;0.000109385254868;0.000109385254868;0.000109385254868;
6.83994528044e-05;6.83994528044e-05;6.83994528044e-05;6.83994528044e-05;6.83994528044e-05;6.83994528044e-05;6.83994528044e-05;6.83994528044e-05;6.83994528044e-05;6.83994528044e-05;0.0199042407661;6.83994528044e-05;6.83994528044e-05;0.000410396716826;6.83994528044e-05;0.00177838577291;0.00239398084815;0.00321477428181;0.00212038303694;0.00759233926129;0.00369357045144;0.00225718194254;0.00759233926129;0.00239398084815;0.00341997264022;0.00232558139535;0.00136798905609;0.00143638850889;0.00321477428181;0.000889192886457;0.00123119015048;0.000889192886457;0.00697674418605;0.00772913816689;0.0175786593707;0.00198358413133;0.00232558139535;0.0192886456908;0.00123119015048;0.00116279069767;6.83994528044e-05;6.83994528044e-05;6.83994528044e-05;6.83994528044e-05;6.83994528044e-05;6.83994528044e-05;6.83994528044e-05;6.83994528044e-05;0.0183310533516;6.83994528044e-05;6.83994528044e-05;6.83994528044e-05;6.83994528044e-05;6.83994528044e-05;6.83994528044e-05;6.83994528044e-05;6.83994528044e-05;6.83994528044e-05;6.83994528044e-05;0.0173734610123;0.0179890560876;6.83994528044e-05;6.83994528044e-05;0.817510259918;6.83994528044e-05;6.83994528044e-05;
0.00053050397878;0.00053050397878;0.00053050397878;0.00053050397878;0.00053050397878;0.00053050397878;0.00053050397878;0.00053050397878;0.00053050397878;0.00053050397878;0.00053050397878;0.00053050397878;0.00053050397878;0.016976127321;0.00053050397878;0.00477453580902;0.00106100795756;0.00477453580902;0.00689655172414;0.00212201591512;0.00159151193634;0.00106100795756;0.00053050397878;0.0026525198939;0.00053050397878;0.00106100795756;0.00053050397878;0.00106100795756;0.00053050397878;0.0079575596817;0.00053050397878;0.0148541114058;0.0026525198939;0.00106100795756;0.00318302387268;0.0111405835544;0.0026525198939;0.00106100795756;0.0143236074271;0.0175066312997;0.00053050397878;0.0228116710875;0.00053050397878;0.00053050397878;0.00053050397878;0.00053050397878;0.00053050397878;0.00053050397878;0.00053050397878;0.00053050397878;0.00053050397878;0.00053050397878;0.00053050397878;0.00053050397878;0.00053050397878;0.00053050397878;0.00053050397878;0.0222811671088;0.00053050397878;0.00053050397878;0.00053050397878;0.00053050397878;0.00053050397878;0.00053050397878;0.796816976127;0.0159151193634;
0.00117096018735;0.00117096018735;0.00117096018735;0.00117096018735;0.00117096018735;0.00117096018735;0.00117096018735;0.00117096018735;0.00117096018735;0.00117096018735;0.00117096018735;0.00117096018735;0.00117096018735;0.0245901639344;0.00117096018735;0.00351288056206;0.00117096018735;0.00351288056206;0.00234192037471;0.00351288056206;0.00351288056206;0.00117096018735;0.00117096018735;0.00234192037471;0.00117096018735;0.00117096018735;0.00234192037471;0.00117096018735;0.00234192037471;0.0117096018735;0.00117096018735;0.00819672131148;0.00117096018735;0.00117096018735;0.00117096018735;0.0105386416862;0.00117096018735;0.00117096018735;0.00585480093677;0.0281030444965;0.0281030444965;0.00117096018735;0.00117096018735;0.00117096018735;0.00117096018735;0.00117096018735;0.00117096018735;0.00117096018735;0.00117096018735;0.00117096018735;0.00117096018735;0.00117096018735;0.00117096018735;0.00117096018735;0.00117096018735;0.00117096018735;0.00117096018735;0.00117096018735;0.00117096018735;0.00117096018735;0.00117096018735;0.00117096018735;0.00117096018735;0.00117096018735;0.0257611241218;0.776346604215;
